P(1h);0; 100; 200; 300; 400; 500; 600; 700; 800; 900; 1000; 1100; 1200; 1300; 1400; 1500; 1600; 1700; 1800; 1900; 2000; 2100; 2200; 2300; 2400; 2500; 2600; 2700; 2800; 2900; 3000; 3100; 3200; 3300; 3400; 3500; 3600; 3700; 3800; 3900; 4000; 4100; 4200; 4300; 4400; 4500; 4600; 4700; 4800; 4900; 5000; 5100; 5200; 5300; 5400; 5500; 5600; 5700; 5800; 5900; 6000; 6100; 6200; 6300; 6400; 6500; 6600; 6700; 6800; 6900; 7000; 7100; 7200; 7300; 7400; 7500; 7600; 7700; 7800; 7900; 8000; 8100; 8200; 8300; 8400; 8500; 8600; 8700; 8800; 8900; 9000; 9100; 9200; 9300; 9400; 9500; 9600; 9700; 9800; 9900; 
0;0.0012216584145768776;0.003538764970137408;0.005359665524397544;0.0077817080376094624;0.01008489336174663;0.012104676540289173;0.014396149944174888;0.01668268809097578;0.018859483605375933;0.02099245214248696;0.023312061600305415;0.025577027521741406;0.02770697667066499;0.030157044968867713;0.03209323651769293;0.03396090452631194;0.03698442772429974;0.039070560536462184;0.041244794061819905;0.04301265691743225;0.046547518149978324;0.0482269657255496;0.049469644715952735;0.05194534139906001;0.054328013171417396;0.05684077752838638;0.058955118578952644;0.06050448932806396;0.06327995680902626;0.06576034291624361;0.0;0.0;0.0;0.0;0.0;0.0;0.0;0.0;0.0;0.0;0.0;0.0;0.0;0.0;0.0;0.0;0.0;0.0;0.0;0.0;0.0;0.0;0.0;0.0;0.0;0.0;0.0;0.0;0.0;0.0;0.0;0.0;0.0;0.0;0.0;0.0;0.0;0.0;0.0;0.0;0.0;0.0;0.0;0.0;0.0;0.0;0.0;0.0;0.0;0.0;0.0;0.0;0.0;0.0;0.0;0.0;0.0;0.0;0.0;0.0;0.0;0.0;0.0;0.0;0.0;0.0;0.0;0.0;0.0;0.0;
100;0.6657268896489167;0.11117787063860789;0.038067334419636965;0.018332836955693512;0.01629862412101758;0.009738427912308006;0.008824176965519676;0.01568742571647942;0.018155429400627175;0.02219918733464069;0.005143418267698171;0.00380557497165269;0.009204356925485376;0.004740705573661364;0.004033909469951851;0.02016954734975926;0.0;0.014154068315620532;0.008003788630856849;0.003735101361066529;0.0;0.0;0.0028013260207998968;0.0;0.0;0.0;0.0;0.0;0.0;0.0;0.0;0.0;0.0;0.0;0.0;0.0;0.0;0.0;0.0;0.0;0.0;0.0;0.0;0.0;0.0;0.0;0.0;0.0;0.0;0.0;0.0;0.0;0.0;0.0;0.0;0.0;0.0;0.0;0.0;0.0;0.0;0.0;0.0;0.0;0.0;0.0;0.0;0.0;0.0;0.0;0.0;0.0;0.0;0.0;0.0;0.0;0.0;0.0;0.0;0.0;0.0;0.0;0.0;0.0;0.0;0.0;0.0;0.0;0.0;0.0;0.0;0.0;0.0;0.0;0.0;0.0;0.0;0.0;0.0;0.0;
200;0.0032198674528060444;0.19687419238349924;0.12948529982031895;0.06396114071312606;0.061961203006783726;0.05633011751072684;0.04690340670159404;0.04687541580839637;0.037277098384005176;0.03449510829628814;0.039572698842109684;0.034701665830996466;0.03772994683091654;0.022947747654036926;0.022770902626244344;0.020800343745127046;0.024880793953501252;0.01411657677993387;0.01094754933954055;0.01733361978760587;0.0;0.039411177622345986;0.008210662004655414;0.0;0.0;0.0;0.0018245915565900917;0.0;0.0;0.027368873348851377;0.0;0.0;0.0;0.0;0.0;0.0;0.0;0.0;0.0;0.0;0.0;0.0;0.0;0.0;0.0;0.0;0.0;0.0;0.0;0.0;0.0;0.0;0.0;0.0;0.0;0.0;0.0;0.0;0.0;0.0;0.0;0.0;0.0;0.0;0.0;0.0;0.0;0.0;0.0;0.0;0.0;0.0;0.0;0.0;0.0;0.0;0.0;0.0;0.0;0.0;0.0;0.0;0.0;0.0;0.0;0.0;0.0;0.0;0.0;0.0;0.0;0.0;0.0;0.0;0.0;0.0;0.0;0.0;0.0;0.0;
300;0.0;0.07621775459945301;0.1231322090486952;0.10386937522174988;0.06717139772835914;0.05562145174392971;0.04275939384862499;0.03754286864523644;0.04367457818166981;0.036451453158667484;0.04542406232340693;0.036674397826304585;0.031017176885012928;0.024541063029900338;0.030721775200393747;0.02185972466181863;0.03168854435005649;0.018035050218854633;0.03544820215430048;0.009846722820639024;0.023632134769533658;0.028358561723440392;0.0192011095002461;0.0;0.0;0.0;0.009846722820639024;0.0;0.0059080336923834145;0.0413562358466839;0.0;0.0;0.0;0.0;0.0;0.0;0.0;0.0;0.0;0.0;0.0;0.0;0.0;0.0;0.0;0.0;0.0;0.0;0.0;0.0;0.0;0.0;0.0;0.0;0.0;0.0;0.0;0.0;0.0;0.0;0.0;0.0;0.0;0.0;0.0;0.0;0.0;0.0;0.0;0.0;0.0;0.0;0.0;0.0;0.0;0.0;0.0;0.0;0.0;0.0;0.0;0.0;0.0;0.0;0.0;0.0;0.0;0.0;0.0;0.0;0.0;0.0;0.0;0.0;0.0;0.0;0.0;0.0;0.0;0.0;
400;0.0;0.010088848287076957;0.07232436681384935;0.1285283887456794;0.08640644893748424;0.06165398084961702;0.04887331514313037;0.05146078658394996;0.03709026589029013;0.045015740078425015;0.03926075142911693;0.04398876501960163;0.03142665938935131;0.03907771762292058;0.03338353591215215;0.019957548643134437;0.024740762780745176;0.04010607861299743;0.023327004907559734;0.012095484026142082;0.015119355032677605;0.027214839058819686;0.013607419529409843;0.0;0.009071613019606562;0.004535806509803281;0.018143226039213124;0.0;0.03628645207842625;0.027214839058819686;0.0;0.0;0.0;0.0;0.0;0.0;0.0;0.0;0.0;0.0;0.0;0.0;0.0;0.0;0.0;0.0;0.0;0.0;0.0;0.0;0.0;0.0;0.0;0.0;0.0;0.0;0.0;0.0;0.0;0.0;0.0;0.0;0.0;0.0;0.0;0.0;0.0;0.0;0.0;0.0;0.0;0.0;0.0;0.0;0.0;0.0;0.0;0.0;0.0;0.0;0.0;0.0;0.0;0.0;0.0;0.0;0.0;0.0;0.0;0.0;0.0;0.0;0.0;0.0;0.0;0.0;0.0;0.0;0.0;0.0;
500;0.0;0.0009773852832570934;0.023308677783350277;0.08292417525615765;0.12928655056339292;0.09984050345998678;0.06978435189755322;0.05360484173863571;0.05312489718463125;0.04761037485299906;0.04479572940173877;0.04711700309286433;0.02988423232815928;0.04525737107389506;0.041837925259422995;0.03922305493070906;0.013074351643569685;0.02133183689214001;0.041090819451219014;0.01961152746535453;0.004358117214523228;0.02876357361585331;0.0065371758217848425;0.0065371758217848425;0.0;0.01961152746535453;0.017432468858092912;0.0;0.013074351643569685;0.0;0.0;0.0;0.0;0.0;0.0;0.0;0.0;0.0;0.0;0.0;0.0;0.0;0.0;0.0;0.0;0.0;0.0;0.0;0.0;0.0;0.0;0.0;0.0;0.0;0.0;0.0;0.0;0.0;0.0;0.0;0.0;0.0;0.0;0.0;0.0;0.0;0.0;0.0;0.0;0.0;0.0;0.0;0.0;0.0;0.0;0.0;0.0;0.0;0.0;0.0;0.0;0.0;0.0;0.0;0.0;0.0;0.0;0.0;0.0;0.0;0.0;0.0;0.0;0.0;0.0;0.0;0.0;0.0;0.0;0.0;
600;0.0;0.00012447057511131334;0.012014614865905224;0.0447026954745709;0.0938119079258032;0.13714136750573264;0.09184198194918668;0.04532211655636206;0.048498701847115036;0.032516216863171465;0.044647925994351814;0.04500012155171052;0.04176508977195622;0.03136608968703594;0.044314958410665115;0.026158135172962046;0.02797661515824818;0.017816686495515942;0.03956692715237957;0.0153871383370365;0.005129046112345499;0.0215419936718511;0.00769356916851825;0.00769356916851825;0.061548553348146;0.030774276674073;0.010258092224690998;0.0153871383370365;0.0;0.0;0.0;0.0;0.0;0.0;0.0;0.0;0.0;0.0;0.0;0.0;0.0;0.0;0.0;0.0;0.0;0.0;0.0;0.0;0.0;0.0;0.0;0.0;0.0;0.0;0.0;0.0;0.0;0.0;0.0;0.0;0.0;0.0;0.0;0.0;0.0;0.0;0.0;0.0;0.0;0.0;0.0;0.0;0.0;0.0;0.0;0.0;0.0;0.0;0.0;0.0;0.0;0.0;0.0;0.0;0.0;0.0;0.0;0.0;0.0;0.0;0.0;0.0;0.0;0.0;0.0;0.0;0.0;0.0;0.0;0.0;
700;0.0;6.855785606297642e-05;0.008868037503155866;0.034057805359266745;0.050047926033392844;0.08898350067712105;0.1456438005923492;0.11171814272080476;0.07038950068263362;0.05303976917381603;0.04381732073106973;0.05303976917381601;0.06254221025530766;0.03603984315656731;0.03748143688282999;0.04608373387233195;0.02792953568020119;0.01697821774243809;0.013166781106380561;0.02304186693616598;0.010240829749407102;0.009216746774466393;0.0038403111560276633;0.0;0.030722489248221307;0.007680622312055327;0.0;0.015361244624110653;0.0;0.0;0.0;0.0;0.0;0.0;0.0;0.0;0.0;0.0;0.0;0.0;0.0;0.0;0.0;0.0;0.0;0.0;0.0;0.0;0.0;0.0;0.0;0.0;0.0;0.0;0.0;0.0;0.0;0.0;0.0;0.0;0.0;0.0;0.0;0.0;0.0;0.0;0.0;0.0;0.0;0.0;0.0;0.0;0.0;0.0;0.0;0.0;0.0;0.0;0.0;0.0;0.0;0.0;0.0;0.0;0.0;0.0;0.0;0.0;0.0;0.0;0.0;0.0;0.0;0.0;0.0;0.0;0.0;0.0;0.0;0.0;
800;0.0;5.1243146529957334e-05;0.0059154792983617446;0.020888527174519844;0.0348704762411748;0.04512200445297637;0.09394091606756097;0.13269391619078513;0.09576424186465288;0.05892478425034432;0.04243596937113865;0.03497674359245037;0.05248762294568486;0.07322573970394497;0.0307291174336555;0.04175151825224932;0.047065347847990144;0.008789793316263015;0.033401214601799456;0.011133738200599819;0.005566869100299909;0.013360485840719784;0.025050910951349592;0.0;0.033401214601799456;0.058452125553149055;0.0;0.0;0.0;0.0;0.0;0.0;0.0;0.0;0.0;0.0;0.0;0.0;0.0;0.0;0.0;0.0;0.0;0.0;0.0;0.0;0.0;0.0;0.0;0.0;0.0;0.0;0.0;0.0;0.0;0.0;0.0;0.0;0.0;0.0;0.0;0.0;0.0;0.0;0.0;0.0;0.0;0.0;0.0;0.0;0.0;0.0;0.0;0.0;0.0;0.0;0.0;0.0;0.0;0.0;0.0;0.0;0.0;0.0;0.0;0.0;0.0;0.0;0.0;0.0;0.0;0.0;0.0;0.0;0.0;0.0;0.0;0.0;0.0;0.0;
900;0.0;0.0001000135922151144;0.0030071182115559278;0.014880790375125632;0.024108534084053314;0.031198395820921328;0.06914868327472858;0.08102269959463143;0.10146993842001897;0.08408015995669299;0.06759525201719062;0.04204007997834651;0.03658660490726378;0.07092172643561903;0.0440502723083456;0.033293810465610044;0.10244249374033862;0.01752305813979476;0.0036586604907263786;0.06402655858771163;0.0;0.0;0.044818591011398144;0.0;0.025610623435084648;0.03841593515262698;0.0;0.0;0.0;0.0;0.0;0.0;0.0;0.0;0.0;0.0;0.0;0.0;0.0;0.0;0.0;0.0;0.0;0.0;0.0;0.0;0.0;0.0;0.0;0.0;0.0;0.0;0.0;0.0;0.0;0.0;0.0;0.0;0.0;0.0;0.0;0.0;0.0;0.0;0.0;0.0;0.0;0.0;0.0;0.0;0.0;0.0;0.0;0.0;0.0;0.0;0.0;0.0;0.0;0.0;0.0;0.0;0.0;0.0;0.0;0.0;0.0;0.0;0.0;0.0;0.0;0.0;0.0;0.0;0.0;0.0;0.0;0.0;0.0;0.0;
1000;0.0;4.0531901478383365e-05;0.003199025932485418;0.009331633647706707;0.020347222550440493;0.03342057936400101;0.04540839587500136;0.049866674742728774;0.10576132710126901;0.15421719353774047;0.07443999323770713;0.0534619604264167;0.02983980300357232;0.05728443787307866;0.05521660938400166;0.021796030020000655;0.07595586219091137;0.01338352720526356;0.031137185742858082;0.018163358350000547;0.0;0.014530686680000437;0.036326716700001094;0.0;0.036326716700001094;0.0;0.02421781113333406;0.0;0.0;0.036326716700001094;0.0;0.0;0.0;0.0;0.0;0.0;0.0;0.0;0.0;0.0;0.0;0.0;0.0;0.0;0.0;0.0;0.0;0.0;0.0;0.0;0.0;0.0;0.0;0.0;0.0;0.0;0.0;0.0;0.0;0.0;0.0;0.0;0.0;0.0;0.0;0.0;0.0;0.0;0.0;0.0;0.0;0.0;0.0;0.0;0.0;0.0;0.0;0.0;0.0;0.0;0.0;0.0;0.0;0.0;0.0;0.0;0.0;0.0;0.0;0.0;0.0;0.0;0.0;0.0;0.0;0.0;0.0;0.0;0.0;0.0;
1100;0.0;5.494556438760792e-05;0.003469312397194069;0.011897100931220483;0.021662006781111545;0.027756251355530944;0.046782713978273924;0.03894828819243858;0.07355576614838538;0.08362352051727215;0.10494827984772405;0.061323915045999586;0.0932136782273879;0.09280781315528022;0.06106375298216806;0.024622481041196798;0.07610585049097192;0.06220416263039191;0.028139978332796342;0.024622481041196798;0.016414987360797866;0.00984899241647872;0.012311240520598399;0.024622481041196798;0.0;0.0;0.0;0.0;0.0;0.0;0.0;0.0;0.0;0.0;0.0;0.0;0.0;0.0;0.0;0.0;0.0;0.0;0.0;0.0;0.0;0.0;0.0;0.0;0.0;0.0;0.0;0.0;0.0;0.0;0.0;0.0;0.0;0.0;0.0;0.0;0.0;0.0;0.0;0.0;0.0;0.0;0.0;0.0;0.0;0.0;0.0;0.0;0.0;0.0;0.0;0.0;0.0;0.0;0.0;0.0;0.0;0.0;0.0;0.0;0.0;0.0;0.0;0.0;0.0;0.0;0.0;0.0;0.0;0.0;0.0;0.0;0.0;0.0;0.0;0.0;
1200;0.0;0.0;0.0008752663658656211;0.005623058504730306;0.013261896799973045;0.017890444518293303;0.021431261662538847;0.03614231215816828;0.08114864074753288;0.1031419757343953;0.07658022699087293;0.08157592626265808;0.05856990764917446;0.06498665743824487;0.03975654337398509;0.05963481506097765;0.009035578039542067;0.04708011715340339;0.04969567921748137;0.09110874523204918;0.0;0.009939135843496275;0.049695679217481366;0.0;0.0;0.0;0.03313045281165424;0.0;0.049695679217481366;0.0;0.0;0.0;0.0;0.0;0.0;0.0;0.0;0.0;0.0;0.0;0.0;0.0;0.0;0.0;0.0;0.0;0.0;0.0;0.0;0.0;0.0;0.0;0.0;0.0;0.0;0.0;0.0;0.0;0.0;0.0;0.0;0.0;0.0;0.0;0.0;0.0;0.0;0.0;0.0;0.0;0.0;0.0;0.0;0.0;0.0;0.0;0.0;0.0;0.0;0.0;0.0;0.0;0.0;0.0;0.0;0.0;0.0;0.0;0.0;0.0;0.0;0.0;0.0;0.0;0.0;0.0;0.0;0.0;0.0;0.0;
1300;0.0;2.5386029877101963e-05;0.0014247971367422393;0.0062620814524823746;0.00733942879914601;0.01770537114673987;0.03270632958619441;0.0256479675490157;0.05990460366695378;0.08070602083287351;0.07161357411888043;0.03949443572672533;0.06500636936386466;0.03150308669171903;0.06006588529221094;0.022752229277352633;0.045504458554705265;0.10058880312092743;0.08450828017302406;0.11376114638676318;0.0;0.02730267513282316;0.045504458554705265;0.0;0.045504458554705265;0.0;0.015168152851568422;0.0;0.0;0.0;0.0;0.0;0.0;0.0;0.0;0.0;0.0;0.0;0.0;0.0;0.0;0.0;0.0;0.0;0.0;0.0;0.0;0.0;0.0;0.0;0.0;0.0;0.0;0.0;0.0;0.0;0.0;0.0;0.0;0.0;0.0;0.0;0.0;0.0;0.0;0.0;0.0;0.0;0.0;0.0;0.0;0.0;0.0;0.0;0.0;0.0;0.0;0.0;0.0;0.0;0.0;0.0;0.0;0.0;0.0;0.0;0.0;0.0;0.0;0.0;0.0;0.0;0.0;0.0;0.0;0.0;0.0;0.0;0.0;0.0;
1400;0.0;1.359995730307773e-05;0.0012403640119568252;0.004473013479957216;0.008435762372318144;0.012055991241251965;0.019502338772613467;0.017729398884194055;0.04320138335705515;0.0625546715347979;0.06953702759087588;0.08463279090002074;0.041790725941314576;0.030003598111713024;0.04290514529974963;0.0292535081589202;0.03545879776838812;0.02822706927615107;0.06268608891197185;0.04062987244294472;0.016251948977177886;0.0;0.02437792346576683;0.02437792346576683;0.04875584693153366;0.0731337703973005;0.03250389795435577;0.0;0.146267540794601;0.0;0.0;0.0;0.0;0.0;0.0;0.0;0.0;0.0;0.0;0.0;0.0;0.0;0.0;0.0;0.0;0.0;0.0;0.0;0.0;0.0;0.0;0.0;0.0;0.0;0.0;0.0;0.0;0.0;0.0;0.0;0.0;0.0;0.0;0.0;0.0;0.0;0.0;0.0;0.0;0.0;0.0;0.0;0.0;0.0;0.0;0.0;0.0;0.0;0.0;0.0;0.0;0.0;0.0;0.0;0.0;0.0;0.0;0.0;0.0;0.0;0.0;0.0;0.0;0.0;0.0;0.0;0.0;0.0;0.0;0.0;
1500;0.0;1.5204175277160804e-05;0.002773348684117727;0.005667391206523333;0.009590668921165073;0.011496015146836536;0.016692759062890326;0.029731073655611735;0.02759846499677036;0.07610406904298092;0.05003918407611152;0.06273443529218702;0.035040193951256675;0.05031412464795829;0.047966132164386895;0.0926618462266565;0.03468625259821367;0.09466999769286889;0.13237406603808075;0.0908449472810358;0.03633797891241432;0.010901393673724297;0.02725348418431074;0.0;0.0;0.0;0.0;0.0;0.05450696836862148;0.0;0.0;0.0;0.0;0.0;0.0;0.0;0.0;0.0;0.0;0.0;0.0;0.0;0.0;0.0;0.0;0.0;0.0;0.0;0.0;0.0;0.0;0.0;0.0;0.0;0.0;0.0;0.0;0.0;0.0;0.0;0.0;0.0;0.0;0.0;0.0;0.0;0.0;0.0;0.0;0.0;0.0;0.0;0.0;0.0;0.0;0.0;0.0;0.0;0.0;0.0;0.0;0.0;0.0;0.0;0.0;0.0;0.0;0.0;0.0;0.0;0.0;0.0;0.0;0.0;0.0;0.0;0.0;0.0;0.0;0.0;
1600;0.0;1.3900971448423264e-05;0.001560390845952169;0.004419616197661544;0.004676596611622043;0.011054305240721604;0.006540841471840909;0.02038703835378984;0.022078789778365932;0.04137243842026954;0.04003137949979136;0.048894699951227624;0.044495520216604814;0.08433612447208791;0.07574917361674807;0.06478547743537662;0.03624362374007084;0.07344102705224882;0.05695426587725418;0.0581408130830303;0.0166116608808658;0.00996699652851948;0.06229372830324675;0.0;0.1495049479277922;0.0;0.0166116608808658;0.0;0.0498349826425974;0.0;0.0;0.0;0.0;0.0;0.0;0.0;0.0;0.0;0.0;0.0;0.0;0.0;0.0;0.0;0.0;0.0;0.0;0.0;0.0;0.0;0.0;0.0;0.0;0.0;0.0;0.0;0.0;0.0;0.0;0.0;0.0;0.0;0.0;0.0;0.0;0.0;0.0;0.0;0.0;0.0;0.0;0.0;0.0;0.0;0.0;0.0;0.0;0.0;0.0;0.0;0.0;0.0;0.0;0.0;0.0;0.0;0.0;0.0;0.0;0.0;0.0;0.0;0.0;0.0;0.0;0.0;0.0;0.0;0.0;0.0;
1700;0.0;0.0;0.0011736388525050467;0.003537067550898237;0.004522467601734988;0.006075181478330667;0.010709454529108547;0.012461910724780858;0.022774536213800458;0.020206517979450098;0.033708447042440026;0.0420295573972562;0.03365828566291259;0.036247384560059714;0.07539455988492422;0.0856756362328684;0.019471735507470094;0.07891177021448405;0.0550771947211297;0.1285134543493026;0.028558545410956135;0.008567563623286843;0.0214189090582171;0.0;0.0428378181164342;0.1713512724657368;0.014279272705478067;0.0;0.0;0.0428378181164342;0.0;0.0;0.0;0.0;0.0;0.0;0.0;0.0;0.0;0.0;0.0;0.0;0.0;0.0;0.0;0.0;0.0;0.0;0.0;0.0;0.0;0.0;0.0;0.0;0.0;0.0;0.0;0.0;0.0;0.0;0.0;0.0;0.0;0.0;0.0;0.0;0.0;0.0;0.0;0.0;0.0;0.0;0.0;0.0;0.0;0.0;0.0;0.0;0.0;0.0;0.0;0.0;0.0;0.0;0.0;0.0;0.0;0.0;0.0;0.0;0.0;0.0;0.0;0.0;0.0;0.0;0.0;0.0;0.0;0.0;
1800;0.0;0.0;0.000635349591816709;0.001702037438628248;0.0055765434847724615;0.008264165417921337;0.009855860543056696;0.016022361524541364;0.012916094233640941;0.027128228797758714;0.04638052020261977;0.04375520773832052;0.031472495851777686;0.0499482525258982;0.06678794909177245;0.07420883232419162;0.016865643710043548;0.04638052020261976;0.07288367460411677;0.08503095370480289;0.06184069360349301;0.009276104040523953;0.011595130050654939;0.0;0.046380520202619756;0.06957078030392964;0.0;0.046380520202619756;0.1391415606078593;0.0;0.0;0.0;0.0;0.0;0.0;0.0;0.0;0.0;0.0;0.0;0.0;0.0;0.0;0.0;0.0;0.0;0.0;0.0;0.0;0.0;0.0;0.0;0.0;0.0;0.0;0.0;0.0;0.0;0.0;0.0;0.0;0.0;0.0;0.0;0.0;0.0;0.0;0.0;0.0;0.0;0.0;0.0;0.0;0.0;0.0;0.0;0.0;0.0;0.0;0.0;0.0;0.0;0.0;0.0;0.0;0.0;0.0;0.0;0.0;0.0;0.0;0.0;0.0;0.0;0.0;0.0;0.0;0.0;0.0;0.0;
1900;0.0;0.0;0.0007440727790188705;0.0020671216585994847;0.004212290799176881;0.007527611439940804;0.008449359779525392;0.024964017530415945;0.019251705826766715;0.03347859535283646;0.0263176780018004;0.029493048287022594;0.03922917040493933;0.045496552658982885;0.0557657745448676;0.02957275922833888;0.019203090408012262;0.06448195621216747;0.04828205588300226;0.07041133149604496;0.18306946188971687;0.01689871955905079;0.05280849862203371;0.0;0.0;0.14786379614169443;0.07041133149604496;0.0;0.0;0.0;0.0;0.0;0.0;0.0;0.0;0.0;0.0;0.0;0.0;0.0;0.0;0.0;0.0;0.0;0.0;0.0;0.0;0.0;0.0;0.0;0.0;0.0;0.0;0.0;0.0;0.0;0.0;0.0;0.0;0.0;0.0;0.0;0.0;0.0;0.0;0.0;0.0;0.0;0.0;0.0;0.0;0.0;0.0;0.0;0.0;0.0;0.0;0.0;0.0;0.0;0.0;0.0;0.0;0.0;0.0;0.0;0.0;0.0;0.0;0.0;0.0;0.0;0.0;0.0;0.0;0.0;0.0;0.0;0.0;0.0;
2000;0.0;1.2953731794268908e-05;0.0006361524449651236;0.004970548920140341;0.008579663033415267;0.006754782324720586;0.016543939521874253;0.01857565139298161;0.019986460359537175;0.016647989455974087;0.029690590341241097;0.03592460882604934;0.04312204787656446;0.0392946471774611;0.042723998203857715;0.023219564241227016;0.04643912848245404;0.05621578711033908;0.013268322423558295;0.07739854747075672;0.09287825696490806;0.02786347708947242;0.04643912848245403;0.023219564241227016;0.0;0.1393173854473621;0.030959418988302685;0.04643912848245403;0.09287825696490806;0.0;0.0;0.0;0.0;0.0;0.0;0.0;0.0;0.0;0.0;0.0;0.0;0.0;0.0;0.0;0.0;0.0;0.0;0.0;0.0;0.0;0.0;0.0;0.0;0.0;0.0;0.0;0.0;0.0;0.0;0.0;0.0;0.0;0.0;0.0;0.0;0.0;0.0;0.0;0.0;0.0;0.0;0.0;0.0;0.0;0.0;0.0;0.0;0.0;0.0;0.0;0.0;0.0;0.0;0.0;0.0;0.0;0.0;0.0;0.0;0.0;0.0;0.0;0.0;0.0;0.0;0.0;0.0;0.0;0.0;0.0;
2100;0.0;0.0;0.00158986406727704;0.004377393318771951;0.02212288856079048;0.018288254543586794;0.009913464902833711;0.03376293146508333;0.01664996883958486;0.02408794049100874;0.013318369481615858;0.027737628444191878;0.031778354392358925;0.017855396447880603;0.04797149845663922;0.038686692303741305;0.03516972027612846;0.04479511740433205;0.0;0.06447782050623552;0.16764233331621234;0.015474676921496525;0.009671673075935326;0.13540342306309458;0.038686692303741305;0.11606007691122393;0.025791128202494205;0.038686692303741305;0.0;0.0;0.0;0.0;0.0;0.0;0.0;0.0;0.0;0.0;0.0;0.0;0.0;0.0;0.0;0.0;0.0;0.0;0.0;0.0;0.0;0.0;0.0;0.0;0.0;0.0;0.0;0.0;0.0;0.0;0.0;0.0;0.0;0.0;0.0;0.0;0.0;0.0;0.0;0.0;0.0;0.0;0.0;0.0;0.0;0.0;0.0;0.0;0.0;0.0;0.0;0.0;0.0;0.0;0.0;0.0;0.0;0.0;0.0;0.0;0.0;0.0;0.0;0.0;0.0;0.0;0.0;0.0;0.0;0.0;0.0;0.0;
2200;0.0;0.0;0.00022817505422143735;0.0007131342673220455;0.004786992193255609;0.00985778463796851;0.007742799593834479;0.013514704745602;0.021031819000974065;0.016774633526265143;0.028432575557687252;0.03574921899040113;0.043724044765182934;0.026346539794405092;0.032647286758003255;0.04955391740054065;0.03312427633725979;0.04218986775587827;0.008328389479082461;0.031578476774854335;0.10688099831489159;0.020404554223752033;0.014574681588394306;0.32064299494467474;0.0;0.04372404476518292;0.014574681588394306;0.04372404476518292;0.029149363176788613;0.0;0.0;0.0;0.0;0.0;0.0;0.0;0.0;0.0;0.0;0.0;0.0;0.0;0.0;0.0;0.0;0.0;0.0;0.0;0.0;0.0;0.0;0.0;0.0;0.0;0.0;0.0;0.0;0.0;0.0;0.0;0.0;0.0;0.0;0.0;0.0;0.0;0.0;0.0;0.0;0.0;0.0;0.0;0.0;0.0;0.0;0.0;0.0;0.0;0.0;0.0;0.0;0.0;0.0;0.0;0.0;0.0;0.0;0.0;0.0;0.0;0.0;0.0;0.0;0.0;0.0;0.0;0.0;0.0;0.0;0.0;
2300;0.0;3.2092357182567656e-06;0.0001125744623282828;0.00045738969617540226;0.0021593168422194505;0.006944902793788302;0.00798167009715316;0.013283172512215584;0.015874139182843097;0.020188211974441456;0.03168620472773255;0.043632587170567005;0.033693536574855056;0.023010220099901016;0.028072468521879237;0.05062248421978222;0.03556124924530157;0.051470229170831196;0.03122815584986566;0.030680293466534683;0.1342262839160892;0.011505110049950504;0.06903066029970303;0.10929854547452979;0.02301022009990101;0.0;0.0882058437162872;0.13806132059940607;0.0;0.0;0.0;0.0;0.0;0.0;0.0;0.0;0.0;0.0;0.0;0.0;0.0;0.0;0.0;0.0;0.0;0.0;0.0;0.0;0.0;0.0;0.0;0.0;0.0;0.0;0.0;0.0;0.0;0.0;0.0;0.0;0.0;0.0;0.0;0.0;0.0;0.0;0.0;0.0;0.0;0.0;0.0;0.0;0.0;0.0;0.0;0.0;0.0;0.0;0.0;0.0;0.0;0.0;0.0;0.0;0.0;0.0;0.0;0.0;0.0;0.0;0.0;0.0;0.0;0.0;0.0;0.0;0.0;0.0;0.0;0.0;
2400;0.0;0.0;0.00022893557333663022;0.0003577555901376698;0.00171533838673047;0.003712616028298094;0.010103343097842468;0.01392231010611785;0.017770037160762225;0.015450991430662761;0.025280150978208064;0.031704631766814484;0.03076581920771578;0.04090422306818812;0.031054486153368418;0.03934986259159697;0.018369714723349934;0.052615747988764096;0.04861759084676074;0.028360261327277092;0.09217084931365056;0.03403231359273252;0.08773955848126351;0.021270195995457822;0.031905293993186735;0.010635097997728911;0.10989601264319875;0.14889137196820476;0.021270195995457822;0.031905293993186735;0.0;0.0;0.0;0.0;0.0;0.0;0.0;0.0;0.0;0.0;0.0;0.0;0.0;0.0;0.0;0.0;0.0;0.0;0.0;0.0;0.0;0.0;0.0;0.0;0.0;0.0;0.0;0.0;0.0;0.0;0.0;0.0;0.0;0.0;0.0;0.0;0.0;0.0;0.0;0.0;0.0;0.0;0.0;0.0;0.0;0.0;0.0;0.0;0.0;0.0;0.0;0.0;0.0;0.0;0.0;0.0;0.0;0.0;0.0;0.0;0.0;0.0;0.0;0.0;0.0;0.0;0.0;0.0;0.0;0.0;
2500;0.0;0.0;0.0003388812362732498;0.0006258515575655264;0.0018004703166327898;0.003434743373268708;0.007182549293580138;0.012737173342538126;0.011956385160112588;0.02465346462102461;0.01935562351739538;0.031188117894067276;0.03766973015028329;0.036934500055501654;0.033374256443594284;0.04250494924420026;0.01860485993853883;0.03977071274311135;0.033734086701746234;0.02623762299024707;0.04722772138244473;0.06297029517659299;0.03542079103683355;0.0708415820736671;0.031485147588296486;0.023613860691222364;0.07871286897074121;0.09445544276488946;0.12594059035318594;0.04722772138244473;0.0;0.0;0.0;0.0;0.0;0.0;0.0;0.0;0.0;0.0;0.0;0.0;0.0;0.0;0.0;0.0;0.0;0.0;0.0;0.0;0.0;0.0;0.0;0.0;0.0;0.0;0.0;0.0;0.0;0.0;0.0;0.0;0.0;0.0;0.0;0.0;0.0;0.0;0.0;0.0;0.0;0.0;0.0;0.0;0.0;0.0;0.0;0.0;0.0;0.0;0.0;0.0;0.0;0.0;0.0;0.0;0.0;0.0;0.0;0.0;0.0;0.0;0.0;0.0;0.0;0.0;0.0;0.0;0.0;0.0;
2600;0.0;0.0;0.000263696363752601;0.0007417367442802522;0.0012645052610212703;0.001861983996853821;0.007916494460307774;0.00906492208994623;0.017056815427541665;0.019322475439049084;0.020764575633594157;0.029492199354338083;0.04812458638484969;0.048716888986509374;0.04527561087086659;0.04311962940082533;0.034299705205201966;0.06666521650785494;0.04234963601866773;0.017966512250343885;0.044916280625859714;0.08084930512654749;0.060636978844910615;0.040424652563273746;0.0;0.013474884187757915;0.0628827928762036;0.05389953675103166;0.10779907350206332;0.08084930512654749;0.0;0.0;0.0;0.0;0.0;0.0;0.0;0.0;0.0;0.0;0.0;0.0;0.0;0.0;0.0;0.0;0.0;0.0;0.0;0.0;0.0;0.0;0.0;0.0;0.0;0.0;0.0;0.0;0.0;0.0;0.0;0.0;0.0;0.0;0.0;0.0;0.0;0.0;0.0;0.0;0.0;0.0;0.0;0.0;0.0;0.0;0.0;0.0;0.0;0.0;0.0;0.0;0.0;0.0;0.0;0.0;0.0;0.0;0.0;0.0;0.0;0.0;0.0;0.0;0.0;0.0;0.0;0.0;0.0;0.0;
2700;0.0;0.0;0.00021469475373785848;0.00011183386254846653;0.001823121530518843;0.0021276900685584616;0.004342648675085142;0.00930864404994327;0.01435012486903551;0.017249845779881392;0.012589559575742947;0.029669734741395996;0.05877268883573874;0.03797619894001582;0.046809181508286155;0.07313934610669712;0.04321870451759375;0.04811799085966916;0.01567271702286367;0.05485450958002283;0.0;0.05119754227468799;0.045712091316685695;0.07313934610669712;0.14627869221339423;0.054854509580022845;0.04875956407113141;0.03656967305334856;0.0;0.07313934610669712;0.0;0.0;0.0;0.0;0.0;0.0;0.0;0.0;0.0;0.0;0.0;0.0;0.0;0.0;0.0;0.0;0.0;0.0;0.0;0.0;0.0;0.0;0.0;0.0;0.0;0.0;0.0;0.0;0.0;0.0;0.0;0.0;0.0;0.0;0.0;0.0;0.0;0.0;0.0;0.0;0.0;0.0;0.0;0.0;0.0;0.0;0.0;0.0;0.0;0.0;0.0;0.0;0.0;0.0;0.0;0.0;0.0;0.0;0.0;0.0;0.0;0.0;0.0;0.0;0.0;0.0;0.0;0.0;0.0;0.0;
2800;0.0;0.0;0.0;0.0;0.0005099378006987895;0.0013549775847139262;0.0020183520272301194;0.0036132735592371364;0.00786115687334029;0.006561841133520272;0.011402543609068012;0.01593589989569209;0.032825945058248096;0.030573853193545004;0.02980950686370638;0.05465076258346171;0.09259013495545165;0.039223035346982085;0.01774375408553951;0.07452376715926597;0.0;0.044714260295559576;0.024841255719755317;0.024841255719755317;0.1242062785987766;0.11178565073889893;0.024841255719755317;0.024841255719755317;0.09936502287902127;0.09936502287902127;0.0;0.0;0.0;0.0;0.0;0.0;0.0;0.0;0.0;0.0;0.0;0.0;0.0;0.0;0.0;0.0;0.0;0.0;0.0;0.0;0.0;0.0;0.0;0.0;0.0;0.0;0.0;0.0;0.0;0.0;0.0;0.0;0.0;0.0;0.0;0.0;0.0;0.0;0.0;0.0;0.0;0.0;0.0;0.0;0.0;0.0;0.0;0.0;0.0;0.0;0.0;0.0;0.0;0.0;0.0;0.0;0.0;0.0;0.0;0.0;0.0;0.0;0.0;0.0;0.0;0.0;0.0;0.0;0.0;0.0;
